{
  "model_type": "random_forest",
  "feature_selection": "none",
  "feature_names": null,
  "selected_features": null,
  "training_time": 0.5470178127288818,
  "evaluation_results": {
    "accuracy": 0.9675,
    "precision": 0.9685309659090909,
    "recall": 0.9675,
    "f1_score": 0.9654988071287529,
    "roc_auc": 0.9991031018537498,
    "class_precision": [
      0.945,
      0.96875,
      0.9818181818181818,
      1.0,
      1.0
    ],
    "class_recall": [
      1.0,
      0.8378378378378378,
      0.9473684210526315,
      1.0,
      0.5
    ],
    "class_f1": [
      0.9717223650385605,
      0.8985507246376812,
      0.9642857142857143,
      1.0,
      0.6666666666666666
    ],
    "confusion_matrix": [
      [
        189,
        0,
        0,
        0,
        0
      ],
      [
        6,
        31,
        0,
        0,
        0
      ],
      [
        3,
        0,
        54,
        0,
        0
      ],
      [
        0,
        0,
        0,
        109,
        0
      ],
      [
        2,
        1,
        1,
        0,
        4
      ]
    ],
    "classification_report": {
      "0.0": {
        "precision": 0.945,
        "recall": 1.0,
        "f1-score": 0.9717223650385605,
        "support": 189.0
      },
      "1.0": {
        "precision": 0.96875,
        "recall": 0.8378378378378378,
        "f1-score": 0.8985507246376812,
        "support": 37.0
      },
      "2.0": {
        "precision": 0.9818181818181818,
        "recall": 0.9473684210526315,
        "f1-score": 0.9642857142857143,
        "support": 57.0
      },
      "3.0": {
        "precision": 1.0,
        "recall": 1.0,
        "f1-score": 1.0,
        "support": 109.0
      },
      "4.0": {
        "precision": 1.0,
        "recall": 0.5,
        "f1-score": 0.6666666666666666,
        "support": 8.0
      },
      "accuracy": 0.9675,
      "macro avg": {
        "precision": 0.9791136363636364,
        "recall": 0.8570412517780938,
        "f1-score": 0.9002450941257246,
        "support": 400.0
      },
      "weighted avg": {
        "precision": 0.9685309659090909,
        "recall": 0.9675,
        "f1-score": 0.9654988071287529,
        "support": 400.0
      }
    },
    "latency_metrics": {
      "mean_latency_ms": 0,
      "p95_latency_ms": 0,
      "p99_latency_ms": 0,
      "min_latency_ms": 0,
      "max_latency_ms": 0
    },
    "training_time": 0.5470178127288818
  },
  "created_at": "2025-10-21T21:03:58.655745"
}